idNumber,idName,accountType,reasonHacker
,9237074,user,TRUE
,572169725,user,TRUE
,66coder66,user,TRUE
,adminliushao,user,TRUE
,AfroTriffid,user,TRUE
,ai2101039,user,TRUE
,a-jie,user,TRUE
,AndroidLMY,user,TRUE
,anfreedomfighter,user,TRUE
,annie2017,user,TRUE
,AnswerNo2,user,TRUE
,AresCool,user,TRUE
,atongmuu,user,TRUE
,attliania,user,TRUE
,awaytomoney,user,TRUE
,awesomezz,user,TRUE
,baddadbad,user,TRUE
,beikencat,user,TRUE
,bestwishesforu,user,TRUE
,BeyondTheBlade,user,TRUE
,bgcssgo,user,TRUE
,bgdak,user,TRUE
,bigrv,user,TRUE
,blumas,user,TRUE
,BryanSharp,user,TRUE
,bulunita,user,TRUE
,bunoneclome,user,TRUE
,bustana,user,TRUE
,cantfinda,user,TRUE
,carvaldo,user,TRUE
,chashaoliu,user,TRUE
,ChasonMei,user,TRUE
,chengquan223,user,TRUE
,chenzheLucky,user,TRUE
,Chinazi1989,user,TRUE
,Chooin,user,TRUE
,chuanzhou1992,user,TRUE
,Citizen-L,user,TRUE
,cnjy,user,TRUE
,colloewin,user,TRUE
,Constantine3,user,TRUE
,CrDym,user,TRUE
,cutepigg,user,TRUE
,cyuanxin,user,TRUE
,dadabutong,user,TRUE
,dameiwang,user,TRUE
,davidjoins,user,TRUE
,DaYinTeamCode,user,TRUE
,DDDDanny,user,TRUE
,denglixixi,user,TRUE
,dengyuhan,user,TRUE
,dev-chee,user,TRUE
,DevelopmentEngineer-DWQ,user,TRUE
,dhaudha,user,TRUE
,diguachaoren,user,TRUE
,DomonJi,user,TRUE
,dongyingt,user,TRUE
,donotloseme,user,TRUE
,dtwen-mk,user,TRUE
,duorap,user,TRUE
,edenmeng,user,TRUE
,enmaoFu,user,TRUE
,eric1Wang,user,TRUE
,erricksong,user,TRUE
,estebanhernande,user,TRUE
,ExcCW,user,TRUE
,eyt262,user,TRUE
,fahddd,user,TRUE
,fanpegcheng,user,TRUE
,fatcatcat,user,TRUE
,fenglima,user,TRUE
,fengssboy,user,TRUE
,fershimishi,user,TRUE
,FightCounterfeits,user,TRUE
,filelife,user,TRUE
,findwayto,user,TRUE
,fireflyi,user,TRUE
,Fireflyi,user,TRUE
,firehotname,user,TRUE
,foolbirds,user,TRUE
,formerliu,user,TRUE
,forthedreamgirl,user,TRUE
,forthegood,user,TRUE
,forthekr,user,TRUE
,freemansity,user,TRUE
,FunkyPantss,user,TRUE
,ganmaver,user,TRUE
,gdky005,user,TRUE
,gengxin-Lin,user,TRUE
,genshuoChueng,user,TRUE
,getit1991,user,TRUE
,ghajdfa,user,TRUE
,ghnor,user,TRUE
,ghost,user,TRUE
,GhostXMR,user,TRUE
,gislu,user,TRUE
,goalph,user,TRUE
,godlikewangjun,user,TRUE
,godniu,user,TRUE
,goforthe,user,TRUE
,goodbugs,user,TRUE
,googlewebb,user,TRUE
,Grouvers,user,TRUE
,gsqiang,user,TRUE
,guagntoushu,user,TRUE
,guominpu,user,TRUE
,hahjing,user,TRUE
,haowidesky,user,TRUE
,HelloAtom,user,TRUE
,hellojoker1,user,TRUE
,HengZu,user,TRUE
,hexcac,user,TRUE
,hkwinder,user,TRUE
,HooRang,user,TRUE
,huaidashu,user,TRUE
,huangyiminghappy,user,TRUE
,huatuzai,user,TRUE
,hubdianporb,user,TRUE
,hunterliy10,user,TRUE
,iamdt,user,TRUE
,icetime17,user,TRUE
,imiao,user,TRUE
,IOSKITER,user,TRUE
,ivercoter,user,TRUE
,Jacky-Cheni,user,TRUE
,JanakBca1992,user,TRUE
,JeyoChan,user,TRUE
,JIANGNANiOS,user,TRUE
,jiemachinai,user,TRUE
,jifengdehao,user,TRUE
,jimitiao,user,TRUE
,jin716,user,TRUE
,jiuyanqiao,user,TRUE
,joinanew,user,TRUE
,jonny77,user,TRUE
,Joyce-Song,user,TRUE
,JR199308,user,TRUE
,jujiGu,user,TRUE
,justababy,user,TRUE
,Justice-Rains-From-Above,user,TRUE
,kay-wang,user,TRUE
,keepdown,user,TRUE
,KENVINIOS,user,TRUE
,kezhao82,user,TRUE
,kielW,user,TRUE
,KitYeungDev,user,TRUE
,kutear,user,TRUE
,Laxenade,user,TRUE
,leehavin,user,TRUE
,leescope,user,TRUE
,Leezhi222,user,TRUE
,lingxiaoluo,user,TRUE
,lisetnmeme,user,TRUE
,listen1992,user,TRUE
,LittlestKitten,user,TRUE
,littlevczh,user,TRUE
,liuchengli,user,TRUE
,liuem,user,TRUE
,Liuqijii,user,TRUE
,liverfo,user,TRUE
,lizhonghui,user,TRUE
,lmq0324,user,TRUE
,long-Cheng,user,TRUE
,longerchan,user,TRUE
,looperBig,user,TRUE
,LouisianaAnn,user,TRUE
,loveleyou,user,TRUE
,maiduodrag,user,TRUE
,makecsser,user,TRUE
,maozhengmingx,user,TRUE
,MasaakiMorishita,user,TRUE
,mawang7,user,TRUE
,MaximRichard66,user,TRUE
,mayuanyang,user,TRUE
,MBpudi,user,TRUE
,mchgood,user,TRUE
,mdesi,user,TRUE
,meifangGG,user,TRUE
,MEMBERFRIEND,user,TRUE
,MengLeiGitHub,user,TRUE
,miniscrt,user,TRUE
,mirsfang,user,TRUE
,MobileL,user,TRUE
,mojinstanly,user,TRUE
,Mononster,user,TRUE
,morelunn,user,TRUE
,MQTimor,user,TRUE
,MrJiao,user,TRUE
,mrlitong,user,TRUE
,naivecoderman,user,TRUE
,nanbudongba,user,TRUE
,ncbx002,user,TRUE
,niaogedd,user,TRUE
,nijgth,user,TRUE
,nkn151,user,TRUE
,nomoere,user,TRUE
,nongaduo,user,TRUE
,Oceanliao2,user,TRUE
,ohrenziehen,user,TRUE
,onlyhom,user,TRUE
,Oooobe,user,TRUE
,origincnrer,user,TRUE
,oriso,user,TRUE
,Pamgo,user,TRUE
,PCXPY,user,TRUE
,pepalpigge,user,TRUE
,philchia,user,TRUE
,phizzler,user,TRUE
,PineMizune,user,TRUE
,pjt57364413,user,TRUE
,printfstar,user,TRUE
,propandan,user,TRUE
,puerfeifei,user,TRUE
,python19900812,user,TRUE
,qiangruohan,user,TRUE
,qianzhangg,user,TRUE
,qiyidemeng,user,TRUE
,qunaerr,user,TRUE
,rafPiv,user,TRUE
,RayhoWong,user,TRUE
,ReenStick,user,TRUE
,renxuelong,user,TRUE
,repython,user,TRUE
,re-thinker,user,TRUE
,richadeding,user,TRUE
,robinandjava,user,TRUE
,RobinLower,user,TRUE
,rockrapman,user,TRUE
,s710182306,user,TRUE
,Sbdoing,user,TRUE
,seamounts,user,TRUE
,seawind8888,user,TRUE
,serchcome,user,TRUE
,sharesunny,user,TRUE
,shb695,user,TRUE
,shereweiste,user,TRUE
,shilpi1390,user,TRUE
,shixianxian,user,TRUE
,sinolecode,user,TRUE
,skuijiha,user,TRUE
,soliano,user,TRUE
,songhaoreact,user,TRUE
,Sonxiatiy,user,TRUE
,strongruohan,user,TRUE
,summer1914,user,TRUE
,summerHearts,user,TRUE
,sunjinshuai,user,TRUE
,takeaball,user,TRUE
,tfgzhang,user,TRUE
,tfp452,user,TRUE
,tfzh,user,TRUE
,thatmec,user,TRUE
,TheClockworker,user,TRUE
,thinkdiffer,user,TRUE
,TingFengg,user,TRUE
,ToastyMcG,user,TRUE
,tomasenzhang,user,TRUE
,tomluence,user,TRUE
,tomsahaha,user,TRUE
,tonmasee,user,TRUE
,toxichl,user,TRUE
,tpglzu,user,TRUE
,TravelBB,user,TRUE
,tryitagaina,user,TRUE
,Tuccuay,user,TRUE
,uilosergo,user,TRUE
,UnionYong,user,TRUE
,unsad,user,TRUE
,Untable,user,TRUE
,untitled95,user,TRUE
,veficos,user,TRUE
,w2r,user,TRUE
,wangbaoiOS,user,TRUE
,Wangchangchung,user,TRUE
,watasapis,user,TRUE
,weixunsuiyue,user,TRUE
,wishuagood,user,TRUE
,WMXPY,user,TRUE
,wotuigu,user,TRUE
,wowfighter,user,TRUE
,wuyurui,user,TRUE
,wweng,user,TRUE
,X-Crack,user,TRUE
,xiaoluluxian,user,TRUE
,xiaoqingwakuku,user,TRUE
,xingyijiu,user,TRUE
,xingzhesunn,user,TRUE
,xingzhicheng,user,TRUE
,xuanzhanchen,user,TRUE
,yangshaodong,user,TRUE
,ycliyang,user,TRUE
,yedf,user,TRUE
,yetaboy,user,TRUE
,yetanthone,user,TRUE
,yiflytian,user,TRUE
,yishiya,user,TRUE
,yjasonu,user,TRUE
,YocyTang,user,TRUE
,Yologrammer,user,TRUE
,YqopY,user,TRUE
,YunrZhao,user,TRUE
,yunzhu-li,user,TRUE
,z2kr,user,TRUE
,z9forthename,user,TRUE
,zarathustr,user,TRUE
,zcy924,user,TRUE
,zhanghang1989,user,TRUE
,zhangwukong,user,TRUE
,zhiyicx,user,TRUE
,zombie12138,user,TRUE
,zuolingfengi,user,TRUE
,zzzyx,user,TRUE
